<?xml version="1.0"?>
<extension type="module" version="1.0.0" method="upgrade" client="site">
    <name>MODULE_KM_CONTACTS</name>
    <author>TakT</author>
    <authorEmail>kirill.bereza@yandex.ru</authorEmail>
    <authorUrl>http://brainstorage.me/TakT</authorUrl>
    <copyright></copyright>
    <license></license>
    <version>2.0</version>
    <creationDate>March 2014</creationDate>
    <description>MOD_KM_CONTACTS_DESC</description>
    <files>
        <filename module="mod_km_contacts">mod_km_contacts.php</filename>
        <filename>index.html</filename>
        <filename>helper.php</filename>
        <folder>tmpl</folder>
        <folder>css</folder>
        <folder>sql</folder>
    </files>
    <languages folder="language">
		<language tag="ru-RU">ru-RU.mod_km_contacts.ini</language>
		<language tag="ru-RU">ru-RU.mod_km_contacts.sys.ini</language>
	</languages>
	
    <install>
        <sql>
            <file driver="mysql" charset="utf8">sql/install.mysql.utf8.sql</file>
        </sql>
    </install>
    
    <uninstall>
        <sql>
            <file driver="mysql" charset="utf8">sql/uninstall.mysql.utf8.sql</file>
        </sql>
    </uninstall>


    <config>
        <fields name="params">
            <fieldset name="basic"></fieldset>
            <fieldset name="advanced">
                <field name="layout" type="modulelayout" label="JFIELD_ALT_LAYOUT_LABEL"
                       description="JFIELD_ALT_MODULE_LAYOUT_DESC"/>
                <field name="moduleclass_sfx" type="text" label="COM_MODULES_FIELD_MODULECLASS_SFX_LABEL"
                       description="COM_MODULES_FIELD_MODULECLASS_SFX_DESC"/>
                <field name="cache" type="list" label="COM_MODULES_FIELD_CACHING_LABEL"
                       description="COM_MODULES_FIELD_CACHING_DESC" default="1">
                    <option value="0">COM_MODULES_FIELD_VALUE_NOCACHING</option>
                    <option value="1">JGLOBAL_USE_GLOBAL</option>
                </field>
            </fieldset>
        </fields>
    </config>
</extension>